INSERT INTO `PRO_DT` VALUES ('0b1aa3cd-d6d6-413d-beca-0205eb5c36ab','CREATE TABLE `DEV_DICT_VALUE` (\n  `DICT_VALUE_ID` varchar(36) CHARACTER SET utf8 COLLATE utf8_bin NOT NULL COMMENT \'数据字典值编号\',\n  `CODE` varchar(64) CHARACTER SET utf8 COLLATE utf8_bin NOT NULL COMMENT \'代码\',\n  `DISPLAY_NAME` varchar(64) CHARACTER SET utf8 COLLATE utf8_bin NOT NULL COMMENT \'显示名称\',\n  `WEIGHT_ORDER` int(11) DEFAULT NULL COMMENT \'排序权重\',\n  `DESCRIPTION` varchar(255) CHARACTER SET utf8 COLLATE utf8_bin DEFAULT NULL COMMENT \'描述\',\n  `DICT_ID` varchar(36) CHARACTER SET utf8 COLLATE utf8_bin NOT NULL COMMENT \'数据字典编号\',\n  `VERSIONS` int(11) NOT NULL COMMENT \'版本号\',\n  `CREATE_ID` varchar(36) CHARACTER SET utf8 COLLATE utf8_bin NOT NULL COMMENT \'创建人账号\',\n  `CREATE_NAME` varchar(64) CHARACTER SET utf8 COLLATE utf8_bin NOT NULL COMMENT \'创建人名称\',\n  `CREATE_TIMES` bigint(20) NOT NULL COMMENT \'创建时间\',\n  `MODIFY_ID` varchar(36) CHARACTER SET utf8 COLLATE utf8_bin DEFAULT NULL COMMENT \'修改人账号\',\n  `MODIFY_NAME` varchar(64) CHARACTER SET utf8 COLLATE utf8_bin DEFAULT NULL COMMENT \'修改人名称\',\n  `MODIFY_TIMES` bigint(20) DEFAULT NULL COMMENT \'修改时间\',\n  PRIMARY KEY (`DICT_VALUE_ID`),\n  UNIQUE KEY `CODE` (`CODE`,`DICT_ID`),\n  KEY `FK_DEV_DICT_VALUE_DICT_ID` (`DICT_ID`),\n  CONSTRAINT `FK_DEV_DICT_VALUE_DICT_ID` FOREIGN KEY (`DICT_ID`) REFERENCES `DEV_DICT` (`DICT_ID`)\n) ENGINE=InnoDB DEFAULT CHARSET=utf8 COMMENT=\'数据字典值\';','DEV_DICT_VALUE','数据字典值','DEV_','DictValue','dictValue','/Users/moonnow/wode/dev-tool','dict'),('a28d89a9-cdb2-442a-833c-4d1a08edd127','CREATE TABLE `DEV_DICT` (\n  `DICT_ID` varchar(36) CHARACTER SET utf8 COLLATE utf8_bin NOT NULL COMMENT \'数据字典编号\',\n  `DICT_KEY` varchar(64) CHARACTER SET utf8 COLLATE utf8_bin NOT NULL COMMENT \'数据字典标识\',\n  `DICT_NAME` varchar(64) CHARACTER SET utf8 COLLATE utf8_bin DEFAULT NULL COMMENT \'数据字典名称\',\n  `NOTES` varchar(255) CHARACTER SET utf8 COLLATE utf8_bin DEFAULT NULL COMMENT \'说明\',\n  `WEIGHT_ORDER` int(11) DEFAULT NULL COMMENT \'排序权重\',\n  `VERSIONS` int(11) NOT NULL COMMENT \'版本号\',\n  `CREATE_ID` varchar(36) CHARACTER SET utf8 COLLATE utf8_bin NOT NULL COMMENT \'创建人账号\',\n  `CREATE_NAME` varchar(64) CHARACTER SET utf8 COLLATE utf8_bin NOT NULL COMMENT \'创建人名称\',\n  `CREATE_TIMES` bigint(20) NOT NULL COMMENT \'创建时间\',\n  `MODIFY_ID` varchar(36) CHARACTER SET utf8 COLLATE utf8_bin DEFAULT NULL COMMENT \'修改人账号\',\n  `MODIFY_NAME` varchar(64) CHARACTER SET utf8 COLLATE utf8_bin DEFAULT NULL COMMENT \'修改人名称\',\n  `MODIFY_TIMES` bigint(20) DEFAULT NULL COMMENT \'修改时间\',\n  PRIMARY KEY (`DICT_ID`),\n  UNIQUE KEY `DICT_KEY` (`DICT_KEY`)\n) ENGINE=InnoDB DEFAULT CHARSET=utf8 COMMENT=\'数据字典\';','DEV_DICT','数据字典','DEV_','Dict','dict','/Users/moonnow/wode/dev-tool','dict');
INSERT INTO `PRO_COLUMNS` VALUES ('0e35d8dc-a036-4ab7-9c2b-84dc5e752abf','CREATE_TIMES','创建时间','bigint(20)','n','CreateTimes','createTimes',10,'0b1aa3cd-d6d6-413d-beca-0205eb5c36ab'),('12a06322-d061-42b7-b780-b4849206b561','DICT_NAME','数据字典名称','varchar(64)','y','DictName','dictName',3,'a28d89a9-cdb2-442a-833c-4d1a08edd127'),('1ab05b1d-7952-4893-b747-7bce93a1ceda','VERSIONS','版本号','int(11)','n','Versions','versions',6,'a28d89a9-cdb2-442a-833c-4d1a08edd127'),('2f1e9a7c-938e-45b4-98d8-d311d78a3ad4','CREATE_TIMES','创建时间','bigint(20)','n','CreateTimes','createTimes',9,'a28d89a9-cdb2-442a-833c-4d1a08edd127'),('30df7d25-0361-47d6-b2dc-884b8756a10b','MODIFY_NAME','修改人名称','varchar(64)','y','ModifyName','modifyName',12,'0b1aa3cd-d6d6-413d-beca-0205eb5c36ab'),('35fe8a63-1d00-4e17-a75a-9be21a02f57b','NOTES','说明','varchar(255)','y','Notes','notes',4,'a28d89a9-cdb2-442a-833c-4d1a08edd127'),('36090636-f926-4e53-8e3a-17c4e7e5f7e9','MODIFY_ID','修改人账号','varchar(36)','y','ModifyId','modifyId',10,'a28d89a9-cdb2-442a-833c-4d1a08edd127'),('3c065c5d-6f82-4222-a35b-3753768f17ce','MODIFY_TIMES','修改时间','bigint(20)','y','ModifyTimes','modifyTimes',12,'a28d89a9-cdb2-442a-833c-4d1a08edd127'),('44f83bfc-3735-4556-8cac-d0b0f543a39a','DICT_VALUE_ID','数据字典值编号','varchar(36)','n','DictValueId','dictValueId',1,'0b1aa3cd-d6d6-413d-beca-0205eb5c36ab'),('4d643e45-c671-4ad1-859e-b9c9c276d759','MODIFY_ID','修改人账号','varchar(36)','y','ModifyId','modifyId',11,'0b1aa3cd-d6d6-413d-beca-0205eb5c36ab'),('54fbc1b5-0582-494f-9479-abd9638950d9','CODE','代码','varchar(64)','n','Code','code',2,'0b1aa3cd-d6d6-413d-beca-0205eb5c36ab'),('581e5458-dabe-42a4-b50e-0106fc313149','MODIFY_NAME','修改人名称','varchar(64)','y','ModifyName','modifyName',11,'a28d89a9-cdb2-442a-833c-4d1a08edd127'),('5d605137-8fb4-4ec5-9870-4dd6d0bcf4c6','DISPLAY_NAME','显示名称','varchar(64)','n','DisplayName','displayName',3,'0b1aa3cd-d6d6-413d-beca-0205eb5c36ab'),('73ab10c0-d725-4531-aea4-db4ccdf01bea','DICT_KEY','数据字典标识','varchar(64)','n','DictKey','dictKey',2,'a28d89a9-cdb2-442a-833c-4d1a08edd127'),('74b999b5-df10-4c8c-9804-6caa9cde8b88','VERSIONS','版本号','int(11)','n','Versions','versions',7,'0b1aa3cd-d6d6-413d-beca-0205eb5c36ab'),('8d98f3ce-36e1-46cf-b920-69ad9f0d3ae2','CREATE_NAME','创建人名称','varchar(64)','n','CreateName','createName',9,'0b1aa3cd-d6d6-413d-beca-0205eb5c36ab'),('914487ca-0587-4a43-942b-ac9dd09317b5','DICT_ID','数据字典编号','varchar(36)','n','DictId','dictId',1,'a28d89a9-cdb2-442a-833c-4d1a08edd127'),('972879dd-50b1-4f6f-a58c-09c148ffc8fb','CREATE_NAME','创建人名称','varchar(64)','n','CreateName','createName',8,'a28d89a9-cdb2-442a-833c-4d1a08edd127'),('a18f3163-c429-4ac2-b915-a4c4b1562a76','CREATE_ID','创建人账号','varchar(36)','n','CreateId','createId',8,'0b1aa3cd-d6d6-413d-beca-0205eb5c36ab'),('a4fd8661-a02e-47f7-b0d5-c2fd804b0366','WEIGHT_ORDER','排序权重','int(11)','y','WeightOrder','weightOrder',5,'a28d89a9-cdb2-442a-833c-4d1a08edd127'),('bd546ab3-b201-4e0f-8ac9-14bafe7f8b58','DICT_ID','数据字典编号','varchar(36)','n','DictId','dictId',6,'0b1aa3cd-d6d6-413d-beca-0205eb5c36ab'),('caf3c904-0efa-4e2d-b22b-fa0805dcf827','CREATE_ID','创建人账号','varchar(36)','n','CreateId','createId',7,'a28d89a9-cdb2-442a-833c-4d1a08edd127'),('ea2b7ff1-8c23-477f-b0e9-295c30fbd5e2','MODIFY_TIMES','修改时间','bigint(20)','y','ModifyTimes','modifyTimes',13,'0b1aa3cd-d6d6-413d-beca-0205eb5c36ab'),('fcd43c0b-d4ed-498d-82c7-a0a780c2e4fb','DESCRIPTION','描述','varchar(255)','y','Description','description',5,'0b1aa3cd-d6d6-413d-beca-0205eb5c36ab'),('ffda728c-72b9-47a1-8ece-070788c7dd7c','WEIGHT_ORDER','排序权重','int(11)','y','WeightOrder','weightOrder',4,'0b1aa3cd-d6d6-413d-beca-0205eb5c36ab');
INSERT INTO `PRO_PK` VALUES ('77e2cf2f-d111-438f-907f-157b0f7ee7c1','0b1aa3cd-d6d6-413d-beca-0205eb5c36ab','44f83bfc-3735-4556-8cac-d0b0f543a39a'),('344aa47f-d0ff-43b2-a42a-8c25edbb4196','a28d89a9-cdb2-442a-833c-4d1a08edd127','914487ca-0587-4a43-942b-ac9dd09317b5');
INSERT INTO `PRO_QUERY` VALUES ('0ab4fd00-a300-483d-933e-422ce439a48e','OrKeyLike','0b1aa3cd-d6d6-413d-beca-0205eb5c36ab','a18f3163-c429-4ac2-b915-a4c4b1562a76',8),('10a8b5c5-ab20-49ad-b4e1-5e1857097925','OrKeyLike','0b1aa3cd-d6d6-413d-beca-0205eb5c36ab','bd546ab3-b201-4e0f-8ac9-14bafe7f8b58',7),('32d3960c-bce5-41c3-89a1-dad0b215ab0e','OrKeyLike','0b1aa3cd-d6d6-413d-beca-0205eb5c36ab','4d643e45-c671-4ad1-859e-b9c9c276d759',10),('42843097-9b76-41ae-94cd-02658d2cac13','OrKeyLike','0b1aa3cd-d6d6-413d-beca-0205eb5c36ab','5d605137-8fb4-4ec5-9870-4dd6d0bcf4c6',5),('501b5ce0-d1e5-44ae-8554-dea31f007f14','OrKeyLike','0b1aa3cd-d6d6-413d-beca-0205eb5c36ab','fcd43c0b-d4ed-498d-82c7-a0a780c2e4fb',6),('5f3a9563-5ac4-4493-8c61-ec3d1bb0a693','AndKeyLike','a28d89a9-cdb2-442a-833c-4d1a08edd127','73ab10c0-d725-4531-aea4-db4ccdf01bea',3),('5ff3545c-550a-4e15-8cbe-24dddfd6d526','OrKeyLike','a28d89a9-cdb2-442a-833c-4d1a08edd127','12a06322-d061-42b7-b780-b4849206b561',4),('8515399a-27e3-4b23-84ec-80815000a9d7','Andeq','a28d89a9-cdb2-442a-833c-4d1a08edd127','73ab10c0-d725-4531-aea4-db4ccdf01bea',2),('91d0d9dd-ee78-492b-a598-0def04cd119f','Andeq','0b1aa3cd-d6d6-413d-beca-0205eb5c36ab','54fbc1b5-0582-494f-9479-abd9638950d9',2),('93f0f06b-0088-45a6-8d0c-9cab4de02942','OrKeyLike','0b1aa3cd-d6d6-413d-beca-0205eb5c36ab','30df7d25-0361-47d6-b2dc-884b8756a10b',11),('98ec3082-a4dc-4275-8637-f670d3e3e238','OrKeyLike','a28d89a9-cdb2-442a-833c-4d1a08edd127','caf3c904-0efa-4e2d-b22b-fa0805dcf827',6),('9ffc6401-edb1-47af-b097-52db17c160ae','OrKeyLike','a28d89a9-cdb2-442a-833c-4d1a08edd127','36090636-f926-4e53-8e3a-17c4e7e5f7e9',8),('a7a8225a-a57b-4486-9aa5-e1861ec3a324','OrKeyLike','0b1aa3cd-d6d6-413d-beca-0205eb5c36ab','8d98f3ce-36e1-46cf-b920-69ad9f0d3ae2',9),('b742c695-32e2-4d7e-a50c-0dd6e3f61248','OrKeyLike','a28d89a9-cdb2-442a-833c-4d1a08edd127','972879dd-50b1-4f6f-a58c-09c148ffc8fb',7),('bbd003cd-4ca6-40a7-aa15-4173002a24b4','Andin','a28d89a9-cdb2-442a-833c-4d1a08edd127','914487ca-0587-4a43-942b-ac9dd09317b5',1),('d5f32aae-b270-40ae-a6a3-6432a00f008d','Andeq','0b1aa3cd-d6d6-413d-beca-0205eb5c36ab','bd546ab3-b201-4e0f-8ac9-14bafe7f8b58',3),('d9afc464-5585-4b9d-88b5-4438bff2d548','OrKeyLike','a28d89a9-cdb2-442a-833c-4d1a08edd127','35fe8a63-1d00-4e17-a75a-9be21a02f57b',5),('da4a8810-4832-46bc-86f9-9227b0d817b6','AndKeyLike','0b1aa3cd-d6d6-413d-beca-0205eb5c36ab','54fbc1b5-0582-494f-9479-abd9638950d9',4),('fa1cacfa-aa74-414a-8552-34ce491e022c','OrKeyLike','a28d89a9-cdb2-442a-833c-4d1a08edd127','581e5458-dabe-42a4-b50e-0106fc313149',9),('faa3cca4-d1fd-4436-a2a4-a5990f975e9c','Andin','0b1aa3cd-d6d6-413d-beca-0205eb5c36ab','44f83bfc-3735-4556-8cac-d0b0f543a39a',1);
INSERT INTO `PRO_SORT` VALUES ('cb8b0810-07a6-4f16-87c4-05fd5728178c','ASC','0b1aa3cd-d6d6-413d-beca-0205eb5c36ab','ffda728c-72b9-47a1-8ece-070788c7dd7c'),('f81c9b07-698f-456a-a6b7-0cf68e465538','ASC','a28d89a9-cdb2-442a-833c-4d1a08edd127','a4fd8661-a02e-47f7-b0d5-c2fd804b0366');
